--1
-- to create in pgAdmin4
CREATE DATABASE lab3
    WITH
    OWNER = postgres
    ENCODING = 'UTF8'
    LC_COLLATE = 'C'
    LC_CTYPE = 'C'
    LOCALE_PROVIDER = 'libc'
    TABLESPACE = pg_default
    CONNECTION LIMIT = -1
    IS_TEMPLATE = False;

CREATE TABLE departments (
  code INTEGER PRIMARY KEY,
  name VARCHAR(255) NOT NULL ,
  budget DECIMAL NOT NULL
);

CREATE TABLE employees (
  ssn INTEGER PRIMARY KEY,
  name VARCHAR(255) NOT NULL ,
  lastname VARCHAR(255) NOT NULL ,
  department INTEGER NOT NULL ,
  city VARCHAR(255),
  FOREIGN KEY (department) REFERENCES departments(code)
);

CREATE TABLE customers (
  id SERIAL PRIMARY KEY,
  name VARCHAR(255) NOT NULL ,
  lastname VARCHAR(255) NOT NULL ,
  city VARCHAR(255)
);

--2
INSERT INTO departments(code,name,budget) VALUES(14,'IT',65000);
INSERT INTO departments(code,name,budget) VALUES(37,'Accounting',15000);
INSERT INTO departments(code,name,budget) VALUES(59,'Human Resources',240000);
INSERT INTO departments(code,name,budget) VALUES(77,'Research',55000);
INSERT INTO departments(code,name,budget) VALUES(45,'Management',155000);
INSERT INTO departments(code,name,budget) VALUES(11,'Sales',85000);

INSERT INTO employees(ssn,name,lastname,department, city) VALUES('123234877','Michael','Rogers',14, 'Almaty');
INSERT INTO employees(ssn,name,lastname,department, city) VALUES('152934485','Anand','Manikutty',14, 'Shymkent');
INSERT INTO employees(ssn,name,lastname,department, city) VALUES('222364883','Carol','Smith',37, 'Astana');
INSERT INTO employees(ssn,name,lastname,department, city) VALUES('326587417','Joe','Stevens',37, 'Almaty');
INSERT INTO employees(ssn,name,lastname,department, city) VALUES('332154719','Mary-Anne','Foster',14, 'Astana');
INSERT INTO employees(ssn,name,lastname,department, city) VALUES('332569843','George','ODonnell',77, 'Astana');
INSERT INTO employees(ssn,name,lastname,department, city) VALUES('546523478','John','Doe',59, 'Shymkent');
INSERT INTO employees(ssn,name,lastname,department, city) VALUES('631231482','David','Smith',77, 'Almaty');
INSERT INTO employees(ssn,name,lastname,department, city) VALUES('654873219','Zacary','Efron',59, 'Almaty');
INSERT INTO employees(ssn,name,lastname,department, city) VALUES('745685214','Eric','Goldsmith',59, 'Atyrau');
INSERT INTO employees(ssn,name,lastname,department, city) VALUES('845657245','Elizabeth','Doe',14, 'Almaty');
INSERT INTO employees(ssn,name,lastname,department, city) VALUES('845657246','Kumar','Swamy',14, 'Almaty');



INSERT INTO customers(name,lastname, city) VALUES('John','Wills', 'Almaty');
INSERT INTO customers(name,lastname, city) VALUES('Garry','Foster', 'London');
INSERT INTO customers(name,lastname, city) VALUES('Amanda','Hills', 'Almaty');
INSERT INTO customers(name,lastname, city) VALUES('George','Doe', 'Tokyo');
INSERT INTO customers(name,lastname, city) VALUES('David','Little', 'Almaty');
INSERT INTO customers(name,lastname, city) VALUES('Shawn','Efron', 'Astana');
INSERT INTO customers(name,lastname, city) VALUES('Eric','Gomez', 'Shymkent');
INSERT INTO customers(name,lastname, city) VALUES('Elizabeth','Tailor', 'Almaty');
INSERT INTO customers(name,lastname, city) VALUES('Julia','Adams', 'Astana');

--3
SELECT lastname FROM employees;

--4
SELECT DISTINCT lastname FROM employees;

--5
SELECT * FROM employees WHERE lastname = 'Smith';

--6
SELECT * FROM employees WHERE lastname = 'Smith' OR lastname = 'Doe';

--7
SELECT * FROM employees WHERE department = 14;

--8
SELECT * FROM employees WHERE department = 37 OR department = 77;

--9
SELECT SUM(budget) FROM departments;

--10
SELECT department, COUNT(*) FROM employees INNER JOIN departments ON departments.code = employees.department GROUP BY employees.department;

--11
SELECT department, COUNT(*) FROM employees INNER JOIN departments ON departments.code = employees.department GROUP BY employees.department HAVING COUNT(*) > 2;

--12
SELECT "name" FROM departments ORDER BY budget DESC OFFSET 1 LIMIT 1;

--13
SELECT employees."name", employees.lastname FROM employees INNER JOIN departments ON departments.code = employees.department WHERE departments.budget = (SELECT MIN(budget) FROM departments);

--14
SELECT employees."name" from employees INNER JOIN customers ON customers.city = employees.city WHERE employees.city = 'Almaty' GROUP BY employees."name";

--15
SELECT * FROM departments WHERE budget > 60000 ORDER BY budget ASC, code DESC;

--16
UPDATE departments SET budget = budget - ((SELECT MIN(budget) FROM departments) / 10);

--17
UPDATE employees SET department = 14 WHERE department = 77;

--18
DELETE FROM employees WHERE employees.department = 14;

--19
TRUNCATE employees;